{"cameraMode":{"drawMode":0,"name":"Shaded","section":"Shading Mode"},"sceneLighting":true,"audioPlay":false,"sceneViewState":{"showFog":true,"showMaterialUpdate":false,"showSkybox":true,"showFlares":true,"showImageEffects":true,"showParticleSystems":true},"in2DMode":false,"pivot":{"x":-1.8091440200805665,"y":-2.4792988300323488,"z":6.682346343994141},"rotation":{"x":0.09286805987358093,"y":-0.08056477457284928,"z":0.007538205478340387,"w":0.9923833012580872},"size":6.136556625366211,"orthographic":false}